<?xml version="1.0" encoding="UTF-8"?>
<!DOCTYPE configuration
PUBLIC "-//mybatis.org//DTD Config 3.0//EN"
"http://mybatis.org/dtd/mybatis-3-config.dtd">

<configuration>

<environments default="development">
<environment id="development">

<transactionManager type="JDBC"/>
    <dataSource type="POOLED" >
        <property name="driver" value="com.mysql.cj.jdbc.Driver"/>
        <property name="url" value="jdbc:mysql://localhost:3306/packetworld?serverTimezone=UTC"/>  
        <property name="username" value="usuarioEmp"/>    
        <property name="password" value="123456"/>
        <property name="poolMaximumActiveConnections" value="50"/>
    </dataSource>

</environment>

</environments>

<mappers>
    <mapper resource ="mybatis/mapper/ClienteMapper.xml" />
    <mapper resource ="mybatis/mapper/ColaboradorMapper.xml" />
    <mapper resource ="mybatis/mapper/ConductorAsignadoMapper.xml" />
</mappers>

</configuration>