<?xml version="1.0" encoding="UTF-8"?>
<!DOCTYPE mapper PUBLIC "-//mybatis.org//DTD Mapper 3.0//EN"
         "http://mybatis.org/dtd/mybatis-3-mapper.dtd">

<mapper namespace="colaborador">

    <select id="getColaboradores" resultType="pojo.Colaborador">
        SELECT colaborador.idColaborador, colaborador.nombre, colaborador.apellidoPaterno, colaborador.apellidoMaterno, 
               colaborador.curp, colaborador.correo, colaborador.noPersonal, colaborador.idRol, 
               rol.nombre AS rol, colaborador.numeroDeLicencia
        FROM colaborador
        INNER JOIN rol ON rol.idRol = colaborador.idRol;
    </select>
    
    <select id="getColaboradoresPorNombre" resultType="pojo.Colaborador">
        SELECT colaborador.idColaborador, colaborador.nombre, colaborador.apellidoPaterno, colaborador.apellidoMaterno, 
               colaborador.curp, colaborador.correo, colaborador.noPersonal, colaborador.idRol, 
               rol.nombre AS rol, colaborador.numeroDeLicencia
        FROM colaborador
        INNER JOIN rol ON rol.idRol = colaborador.idRol
        WHERE colaborador.nombre LIKE CONCAT('%', #{nombre}, '%');
    </select>
    
    <select id="getColaboradoresPorRol" resultType="pojo.Colaborador">
        SELECT colaborador.idColaborador, colaborador.nombre, colaborador.apellidoPaterno, colaborador.apellidoMaterno, 
               colaborador.curp, colaborador.correo, colaborador.noPersonal, colaborador.idRol, 
               rol.nombre AS rol, colaborador.numeroDeLicencia
        FROM colaborador
        INNER JOIN rol ON rol.idRol = colaborador.idRol
        WHERE colaborador.idRol = #{idRol};
    </select>
    
    <select id="getConductores" resultType="pojo.Colaborador">
        SELECT colaborador.idColaborador, 
                colaborador.nombre, 
                colaborador.apellidoPaterno, 
                colaborador.apellidoMaterno, 
                colaborador.curp, 
                colaborador.correo, 
                colaborador.noPersonal, 
                colaborador.idRol, 
                rol.nombre AS rol, 
                colaborador.numeroDeLicencia
        FROM colaborador
        INNER JOIN rol ON rol.idRol = colaborador.idRol
        WHERE rol.idRol = 3
        AND EXISTS (
            SELECT 1 
            FROM conductoresAsignados 
            WHERE conductoresAsignados.idColaborador = colaborador.idColaborador
        );
    </select>
    
    <select id="getConductoresSinAsignar" resultType="pojo.Colaborador">
        SELECT colaborador.idColaborador, 
                colaborador.nombre, 
                colaborador.apellidoPaterno, 
                colaborador.apellidoMaterno, 
                colaborador.curp, 
                colaborador.correo, 
                colaborador.noPersonal, 
                colaborador.idRol, 
                rol.nombre AS rol, 
                colaborador.numeroDeLicencia
        FROM colaborador
        INNER JOIN rol ON rol.idRol = colaborador.idRol
        WHERE rol.idRol = 3
        AND NOT  EXISTS (
            SELECT 1 
            FROM conductoresAsignados 
            WHERE conductoresAsignados.idColaborador = colaborador.idColaborador
        );
    </select>
 
    <select id="getColaboradorPorNoPersonal" resultType="pojo.Colaborador">
        SELECT colaborador.idColaborador, colaborador.nombre, colaborador.apellidoPaterno, colaborador.apellidoMaterno, 
               colaborador.curp, colaborador.correo, colaborador.noPersonal, colaborador.idRol, 
               rol.nombre AS rol, colaborador.numeroDeLicencia
        FROM colaborador
        INNER JOIN rol ON rol.idRol = colaborador.idRol
        WHERE colaborador.noPersonal = #{noPersonal};
    </select>
   
    <insert id="registrar" parameterType="pojo.Colaborador">
        INSERT INTO colaborador (
            nombre, 
            apellidoPaterno, 
            apellidoMaterno, 
            curp, 
            correo, 
            noPersonal, 
            contrasena,  <!-- Asegúrate de que esté usando 'contrasena' -->
            idRol,
            numeroDeLicencia
        ) VALUES (
            #{nombre},
            #{apellidoPaterno},
            #{apellidoMaterno},
            #{curp},
            #{correo},
            #{noPersonal},
            #{contrasena},  <!-- Asegúrate de que esté usando 'contrasena' -->
            #{idRol},
            #{numeroDeLicencia}
        );
    </insert>


    <update id="editar" parameterType="pojo.Colaborador">
        UPDATE colaborador
        SET 
            nombre = #{nombre},
            apellidoPaterno = #{apellidoPaterno},
            apellidoMaterno = #{apellidoMaterno},
            curp = #{curp},
            correo = #{correo},
            numeroDeLicencia = #{numeroDeLicencia},
            contrasena = #{contrasena}  
        WHERE noPersonal = #{noPersonal};
    </update>


    <delete id="eliminar" parameterType="java.lang.Integer">
        DELETE FROM colaborador
        WHERE idColaborador = #{idColaborador};
    </delete>
    
    <update id="guardarFoto" parameterType="map">
        UPDATE colaborador 
        SET fotografia = #{fotografia}
        WHERE idColaborador = #{idColaborador};
    </update>
    
    <select id="optenerFoto" resultType="pojo.Colaborador">
        SELECT TO_BASE64(fotografia) AS fotografia
        FROM colaborador
        WHERE idColaborador = #{idColaborador};
    </select>


</mapper>